{"cameraMode":{"drawMode":0,"name":"Shaded","section":"Shading Mode"},"sceneLighting":true,"audioPlay":false,"sceneViewState":{"showFog":true,"showMaterialUpdate":false,"showSkybox":true,"showFlares":true,"showImageEffects":true,"showParticleSystems":true},"in2DMode":false,"pivot":{"x":4.800254821777344,"y":-20.24864959716797,"z":-66.15987396240235},"rotation":{"x":-0.0036619214806705715,"y":-0.9906269311904907,"z":0.1339479237794876,"w":-0.02705245278775692},"size":39.440711975097659,"orthographic":false}