{"cameraMode":{"drawMode":0,"name":"Shaded","section":"Shading Mode"},"sceneLighting":true,"audioPlay":false,"sceneViewState":{"showFog":true,"showMaterialUpdate":false,"showSkybox":true,"showFlares":true,"showImageEffects":true,"showParticleSystems":true},"in2DMode":false,"pivot":{"x":1.014963150024414,"y":-7.078684329986572,"z":-6.4882683753967289},"rotation":{"x":0.01651816815137863,"y":0.945041835308075,"z":-0.32306623458862307,"w":0.04824036359786987},"size":11.568273544311524,"orthographic":false}