{"cameraMode":{"drawMode":0,"name":"Shaded","section":"Shading Mode"},"sceneLighting":true,"audioPlay":false,"sceneViewState":{"showFog":true,"showMaterialUpdate":false,"showSkybox":true,"showFlares":true,"showImageEffects":true,"showParticleSystems":true},"in2DMode":false,"pivot":{"x":3.6481516361236574,"y":-8.406018257141114,"z":49.14371109008789},"rotation":{"x":0.03595023974776268,"y":0.048850301653146747,"z":-0.0017525528091937304,"w":0.9981767535209656},"size":14.096182823181153,"orthographic":false}