{"cameraMode":{"drawMode":0,"name":"Shaded","section":"Shading Mode"},"sceneLighting":false,"audioPlay":false,"sceneViewState":{"showFog":true,"showMaterialUpdate":false,"showSkybox":false,"showFlares":true,"showImageEffects":true,"showParticleSystems":true},"in2DMode":false,"pivot":{"x":210.77090454101563,"y":114.52146911621094,"z":-5.838581562042236},"rotation":{"x":0.21587634086608888,"y":0.0670483186841011,"z":-0.014883900992572308,"w":0.9740605354309082},"size":131.17820739746095,"orthographic":false}