{"cameraMode":{"drawMode":0,"name":"Shaded","section":"Shading Mode"},"sceneLighting":true,"audioPlay":false,"sceneViewState":{"showFog":true,"showMaterialUpdate":false,"showSkybox":true,"showFlares":true,"showImageEffects":true,"showParticleSystems":true},"in2DMode":false,"pivot":{"x":-0.6563948392868042,"y":-11.83134937286377,"z":-6.224404335021973},"rotation":{"x":0.49347856640815737,"y":0.5042626261711121,"z":-0.4661060571670532,"w":0.5338674783706665},"size":6.276557445526123,"orthographic":false}