{"cameraMode":{"drawMode":0,"name":"Shaded","section":"Shading Mode"},"sceneLighting":false,"audioPlay":false,"sceneViewState":{"showFog":true,"showMaterialUpdate":false,"showSkybox":false,"showFlares":true,"showImageEffects":true,"showParticleSystems":true},"in2DMode":false,"pivot":{"x":-0.09700000286102295,"y":-0.43999767303466799,"z":6.759063720703125},"rotation":{"x":-0.04562512785196304,"y":0.8965080380439758,"z":-0.0950256884098053,"w":-0.43043363094329836},"size":1.2247449159622193,"orthographic":false}