{"cameraMode":{"drawMode":0,"name":"Shaded","section":"Shading Mode"},"sceneLighting":true,"audioPlay":false,"sceneViewState":{"showFog":true,"showMaterialUpdate":false,"showSkybox":true,"showFlares":true,"showImageEffects":true,"showParticleSystems":true},"in2DMode":false,"pivot":{"x":-3.320998430252075,"y":-7.539999961853027,"z":21.358253479003908},"rotation":{"x":-0.21026551723480225,"y":-0.048690225929021838,"z":0.010480629280209542,"w":-0.9764316082000732},"size":12.742180824279786,"orthographic":false}