{"cameraMode":{"drawMode":0,"name":"Shaded","section":"Shading Mode"},"sceneLighting":true,"audioPlay":false,"sceneViewState":{"showFog":true,"showMaterialUpdate":false,"showSkybox":true,"showFlares":true,"showImageEffects":true,"showParticleSystems":true},"in2DMode":false,"pivot":{"x":-3.115471363067627,"y":-6.732028484344482,"z":45.859344482421878},"rotation":{"x":-0.06751558184623718,"y":-0.08282562345266342,"z":0.005618969444185495,"w":-0.9942808151245117},"size":9.734936714172364,"orthographic":false}