{"cameraMode":{"drawMode":0,"name":"Shaded","section":"Shading Mode"},"sceneLighting":false,"audioPlay":false,"sceneViewState":{"showFog":true,"showMaterialUpdate":false,"showSkybox":false,"showFlares":true,"showImageEffects":true,"showParticleSystems":true},"in2DMode":false,"pivot":{"x":881.4671020507813,"y":530.0969848632813,"z":4.878094673156738},"rotation":{"x":-0.19006101787090302,"y":-0.304404079914093,"z":0.062121011316776279,"w":-0.9313355088233948},"size":0.68358314037323,"orthographic":false}