{"cameraMode":{"drawMode":0,"name":"Shaded","section":"Shading Mode"},"sceneLighting":true,"audioPlay":false,"sceneViewState":{"showFog":true,"showMaterialUpdate":false,"showSkybox":true,"showFlares":true,"showImageEffects":true,"showParticleSystems":true},"in2DMode":false,"pivot":{"x":-3.9364774227142336,"y":-7.276440143585205,"z":32.25679016113281},"rotation":{"x":0.11892936378717423,"y":-0.1330278217792511,"z":0.01611512526869774,"w":0.9838647842407227},"size":8.809945106506348,"orthographic":false}