{"cameraMode":{"drawMode":0,"name":"Shaded","section":"Shading Mode"},"sceneLighting":false,"audioPlay":false,"sceneViewState":{"showFog":true,"showMaterialUpdate":false,"showSkybox":false,"showFlares":true,"showImageEffects":true,"showParticleSystems":true},"in2DMode":false,"pivot":{"x":-1.0499999523162842,"y":-6.439999580383301,"z":22.399999618530275},"rotation":{"x":-0.08540074527263642,"y":0.8384148478507996,"z":-0.13753804564476014,"w":-0.5205398201942444},"size":1.2247449159622193,"orthographic":false}