{"cameraMode":{"drawMode":0,"name":"Shaded","section":"Shading Mode"},"sceneLighting":true,"audioPlay":false,"sceneViewState":{"showFog":true,"showMaterialUpdate":false,"showSkybox":true,"showFlares":true,"showImageEffects":true,"showParticleSystems":true},"in2DMode":false,"pivot":{"x":37.30438995361328,"y":-32.970890045166019,"z":69.61725616455078},"rotation":{"x":0.2598637342453003,"y":0.09915698319673538,"z":-0.026834867894649507,"w":0.9602110385894775},"size":32.23888397216797,"orthographic":false}