{"cameraMode":{"drawMode":0,"name":"Shaded","section":"Shading Mode"},"sceneLighting":false,"audioPlay":false,"sceneViewState":{"showFog":true,"showMaterialUpdate":false,"showSkybox":false,"showFlares":true,"showImageEffects":true,"showParticleSystems":true},"in2DMode":false,"pivot":{"x":-5.889999866485596,"y":-0.43999767303466799,"z":7.46999979019165},"rotation":{"x":-0.06622835993766785,"y":0.1396365612745285,"z":-0.00922319758683443,"w":-0.9880436062812805},"size":1.2247449159622193,"orthographic":false}