{"cameraMode":{"drawMode":0,"name":"Shaded","section":"Shading Mode"},"sceneLighting":true,"audioPlay":false,"sceneViewState":{"showFog":true,"showMaterialUpdate":false,"showSkybox":true,"showFlares":true,"showImageEffects":true,"showParticleSystems":true},"in2DMode":false,"pivot":{"x":-4.296014308929443,"y":-34.01560974121094,"z":11.289670944213868},"rotation":{"x":0.042416930198669437,"y":-0.8782930970191956,"z":0.4697129428386688,"w":0.07927599549293518},"size":18.71335220336914,"orthographic":false}