{"cameraMode":{"drawMode":0,"name":"Shaded","section":"Shading Mode"},"sceneLighting":false,"audioPlay":false,"sceneViewState":{"showFog":true,"showMaterialUpdate":false,"showSkybox":false,"showFlares":true,"showImageEffects":true,"showParticleSystems":true},"in2DMode":false,"pivot":{"x":281.8472900390625,"y":154.8584442138672,"z":17.888572692871095},"rotation":{"x":0.0566885732114315,"y":0.0017506275326013566,"z":-0.0003285286948084831,"w":0.9985676407814026},"size":74.8511962890625,"orthographic":false}